Workbook

Sheet Jan
A1: END OF MONTH ACTIVITY TOTALS January UC Detectives | N1: Drug Seizures
A2: NAME | B2: Hours Worked | C2: Attempted Operations | D2: UC/CI Cases | E2: TNO Cases | F2: SW Cases | G2: Surv. Hours | H2: Patrol/Jail Cases | I2: PC Arrests | J2: Warrant Arrests | K2: Training Hours | L2: Detective/Agency Assist | M2: NAME | N2: Meth (g) | O2: Cocaine (g) | P2: Heroin (g) | Q2: Fentanyl (g) | R2: Marijuana (OZ) | S2: Promethazine/ Codeine (OZ) | T2: RX Pills (#)
A3: Colton Lowe | M3: Colton Lowe
A4: Week 1 | M4: Week 1
A5: Week 2 | M5: Week 2
A6: Week 3 | M6: Week 3
A7: Week 4 | M7: Week 4
A8: Week 5 | M8: Week 5
A9: Total | B9: =SUM(B4:B8) | C9: =SUM(C4:C8) | D9: =SUM(D4:D8) | E9: =SUM(E4:E8) | F9: =SUM(F4:F8) | G9: =SUM(G4:G8) | H9: =SUM(H4:H8) | I9: =SUM(I4:I8) | ... L9: =SUM(L4:L8) | M9: Total | N9: =SUM(N4:N8) | O9: =SUM(O4:O8) | P9: =SUM(P4:P8) | Q9: =SUM(Q4:Q8) | R9: =SUM(R4:R8) | S9: =SUM(S4:S8) | T9: =SUM(T4:T8)
A10: Layne Verdine | M10: Layne Verdine
A11: Week 1 | M11: Week 1
A12: Week 2 | M12: Week 2
A13: Week 3 | M13: Week 3
A14: Week 4 | M14: Week 4
A15: Week 5 | M15: Week 5
A16: Total | B16: =SUM(B11:B15) | C16: =SUM(C11:C15) | D16: =SUM(D11:D15) | E16: =SUM(E11:E15) | F16: =SUM(F11:F15) | G16: =SUM(G11:G15) | H16: =SUM(H11:H15) | I16: =SUM(I11:I15) | ... L16: =SUM(L11:L15) | M16: TOTAL | N16: =SUM(N11:N15) | O16: =SUM(O11:O15) | P16: =SUM(P11:P15) | Q16: =SUM(Q11:Q15) | R16: =SUM(S11:S15) | S16: =SUM(S11:S15) | T16: =SUM(T11:T15)
A17: Ryan Golmon | M17: Ryan Golmon
A18: Week 1 | M18: Week 1
A19: Week 2 | M19: Week 2
A20: Week 3 | M20: Week 3
A21: Week 4 | M21: Week 4
A22: Week 5 | M22: Week 5
A23: Total | B23: =SUM(B18:B22) | C23: =SUM(C18:C22) | D23: =SUM(D18:D22) | E23: =SUM(E18:E22) | F23: =SUM(F18:F22) | G23: =SUM(G18:G22) | H23: =SUM(H18:H22) | I23: =SUM(I18:I22) | ... L23: =SUM(L18:L22) | M23: TOTAL | N23: =SUM(N18:N22) | O23: =SUM(O18:O22) | P23: =SUM(P18:P22) | Q23: =SUM(Q18:Q22) | R23: =SUM(R18:R22) | S23: =SUM(S18:S22) | T23: =SUM(T18:T22)
A24: Matthew Flowers | M24: Matthew Flowers
A25: Week 1 | M25: Week 1
A26: Week 2 | M26: Week 2
A27: Week 3 | M27: Week 3
A28: Week 4 | M28: Week 4
A29: Week 5 | M29: Week 5
A30: Total | B30: =SUM(B25:B29) | C30: =SUM(C25:C29) | D30: =SUM(D25:D29) | E30: =SUM(E25:E29) | F30: =SUM(F25:F29) | G30: =SUM(G25:G29) | H30: =SUM(H25:H29) | I30: =SUM(I25:I29) | ... L30: =SUM(L25:L29) | M30: TOTAL | N30: =SUM(N25:N29) | O30: =SUM(O25:O29) | P30: =SUM(P25:P29) | Q30: =SUM(Q25:Q29) | R30: =SUM(R25:R29) | S30: =SUM(S25:S29) | T30: =SUM(T25:T29)
A32: Week 1 | M32: Week 1
A33: Week 2 | M33: Week 2
A34: Week 3 | M34: Week 3
A35: Week 4 | M35: Week 4
A36: Week 5 | M36: Week 5
A37: Total | B37: =SUM(B32:B36) | C37: =SUM(C32:C36) | D37: =SUM(D32:D36) | E37: =SUM(E32:E36) | F37: =SUM(F32:F36) | G37: =SUM(G32:G36) | H37: =SUM(H32:H36) | I37: =SUM(I32:I36) | ... L37: =SUM(L32:L36) | M37: TOTAL | N37: =SUM(N32:N36) | O37: =SUM(O32:O36) | P37: =SUM(P32:P36) | Q37: =SUM(Q32:Q36) | R37: =SUM(R32:R36) | S37: =SUM(S32:S36) | T37: =SUM(T32:T36)
A38: Unit Total | B38: =SUM(B9,B16,B23,B30,B37) | C38: =SUM(C9,C16,C23,C30,C37) | D38: =SUM(D9,D16,D23,D30,D37) | E38: =SUM(E9,E16,E23,E30,E37) | F38: =SUM(F9,F16,F23,F30,F37) | G38: =SUM(G9,G16,G23,G30,G37) | H38: =SUM(H9,H16,H23,H30,H37) | I38: =SUM(I9,I16,I23,I30,I37) | ... L38: =SUM(L9,L16,L23,L30,L37) | M38: UC TOTAL | N38: =SUM(N9,N16,N23,N30,N37) | O38: =SUM(O9,O16,O23,O30,O37) | P38: =SUM(P9,P37,P30,P23,P16) | Q38: =SUM(Q9,Q37,Q30,Q23,Q16) | R38: =SUM(R9,R37,R30,R23,R16) | S38: =SUM(S9,S37,S30,S23,S16) | T38: =SUM(T9,T37,T30,T23,T16)

Sheet Feb
A1: END OF MONTH ACTIVITY TOTALS February UC Detectives | N1: Drug Seizures
A2: NAME | B2: Hours Worked | C2: Attempted Operations | D2: UC/CI Cases | E2: TNO Cases | F2: SW Cases | G2: Surv. Hours | H2: Patrol/Jail Cases | I2: PC Arrests | J2: Warrant Arrests | K2: Training Hours | L2: Detective/Agency Assist | M2: NAME | N2: Meth (g) | O2: Cocaine (g) | P2: Heroin (g) | Q2: Fentanyl (g) | R2: Marijuana (OZ) | S2: Promethazine/ Codeine (OZ) | T2: RX Pills (#)
A3: Colton Lowe | M3: Colton Lowe
A4: Week 1 | M4: Week 1
A5: Week 2 | M5: Week 2
A6: Week 3 | M6: Week 3
A7: Week 4 | M7: Week 4
A8: Week 5 | M8: Week 5
A9: Total | B9: =SUM(B4:B8) | C9: =SUM(C4:C8) | D9: =SUM(D4:D8) | E9: =SUM(E4:E8) | F9: =SUM(F4:F8) | G9: =SUM(G4:G8) | H9: =SUM(H4:H8) | I9: =SUM(I4:I8) | ... L9: =SUM(L4:L8) | M9: Total | N9: =SUM(N4:N8) | O9: =SUM(O4:O8) | P9: =SUM(P4:P8) | Q9: =SUM(Q4:Q8) | R9: =SUM(R4:R8) | S9: =SUM(S4:S8) | T9: =SUM(T4:T8)
A10: Layne Verdine | M10: Layne Verdine
A11: Week 1 | M11: Week 1
A12: Week 2 | M12: Week 2
A13: Week 3 | M13: Week 3
A14: Week 4 | M14: Week 4
A15: Week 5 | M15: Week 5
A16: Total | B16: =SUM(B11:B15) | C16: =SUM(C11:C15) | D16: =SUM(D11:D15) | E16: =SUM(E11:E15) | F16: =SUM(F11:F15) | G16: =SUM(G11:G15) | H16: =SUM(H11:H15) | I16: =SUM(I11:I15) | ... L16: =SUM(L11:L15) | M16: TOTAL | N16: =SUM(N11:N15) | O16: =SUM(O11:O15) | P16: =SUM(P11:P15) | Q16: =SUM(Q11:Q15) | R16: =SUM(S11:S15) | S16: =SUM(S11:S15) | T16: =SUM(T11:T15)
A17: Ryan Golmon | M17: Ryan Golmon
A18: Week 1 | M18: Week 1
A19: Week 2 | M19: Week 2
A20: Week 3 | M20: Week 3
A21: Week 4 | M21: Week 4
A22: Week 5 | M22: Week 5
A23: Total | B23: =SUM(B18:B22) | C23: =SUM(C18:C22) | D23: =SUM(D18:D22) | E23: =SUM(E18:E22) | F23: =SUM(F18:F22) | G23: =SUM(G18:G22) | H23: =SUM(H18:H22) | I23: =SUM(I18:I22) | ... L23: =SUM(L18:L22) | M23: TOTAL | N23: =SUM(N18:N22) | O23: =SUM(O18:O22) | P23: =SUM(P18:P22) | Q23: =SUM(Q18:Q22) | R23: =SUM(R18:R22) | S23: =SUM(S18:S22) | T23: =SUM(T18:T22)
A24: Matthew Flowers | M24: Matthew Flowers
A25: Week 1 | M25: Week 1
A26: Week 2 | M26: Week 2
A27: Week 3 | M27: Week 3
A28: Week 4 | M28: Week 4
A29: Week 5 | M29: Week 5
A30: Total | B30: =SUM(B25:B29) | C30: =SUM(C25:C29) | D30: =SUM(D25:D29) | E30: =SUM(E25:E29) | F30: =SUM(F25:F29) | G30: =SUM(G25:G29) | H30: =SUM(H25:H29) | I30: =SUM(I25:I29) | ... L30: =SUM(L25:L29) | M30: TOTAL | N30: =SUM(N25:N29) | O30: =SUM(O25:O29) | P30: =SUM(P25:P29) | Q30: =SUM(Q25:Q29) | R30: =SUM(R25:R29) | S30: =SUM(S25:S29) | T30: =SUM(T25:T29)
A32: Week 1 | M32: Week 1
A33: Week 2 | M33: Week 2
A34: Week 3 | M34: Week 3
A35: Week 4 | M35: Week 4
A36: Week 5 | M36: Week 5
A37: Total | B37: =SUM(B32:B36) | C37: =SUM(C32:C36) | D37: =SUM(D32:D36) | E37: =SUM(E32:E36) | F37: =SUM(F32:F36) | G37: =SUM(G32:G36) | H37: =SUM(H32:H36) | I37: =SUM(I32:I36) | ... L37: =SUM(L32:L36) | M37: TOTAL | N37: =SUM(N32:N36) | O37: =SUM(O32:O36) | P37: =SUM(P32:P36) | Q37: =SUM(Q32:Q36) | R37: =SUM(R32:R36) | S37: =SUM(S32:S36) | T37: =SUM(T32:T36)
A38: Unit Total | B38: =SUM(B9,B16,B23,B30,B37) | C38: =SUM(C9,C16,C23,C30,C37) | D38: =SUM(D9,D16,D23,D30,D37) | E38: =SUM(E9,E16,E23,E30,E37) | F38: =SUM(F9,F16,F23,F30,F37) | G38: =SUM(G9,G16,G23,G30,G37) | H38: =SUM(H9,H16,H23,H30,H37) | I38: =SUM(I9,I16,I23,I30,I37) | ... L38: =SUM(L9,L16,L23,L30,L37) | M38: UC TOTAL | N38: =SUM(N9,N16,N23,N30,N37) | O38: =SUM(O9,O16,O23,O30,O37) | P38: =SUM(P9,P37,P30,P23,P16) | Q38: =SUM(Q9,Q37,Q30,Q23,Q16) | R38: =SUM(R9,R37,R30,R23,R16) | S38: =SUM(S9,S37,S30,S23,S16) | T38: =SUM(T9,T37,T30,T23,T16)

Sheet March
A1: END OF MONTH ACTIVITY TOTALS March UC Detectives | N1: Drug Seizures
A2: NAME | B2: Hours Worked | C2: Attempted Operations | D2: UC/CI Cases | E2: TNO Cases | F2: SW Cases | G2: Surv. Hours | H2: Patrol/Jail Cases | I2: PC Arrests | J2: Warrant Arrests | K2: Training Hours | L2: Detective/Agency Assist | M2: NAME | N2: Meth (g) | O2: Cocaine (g) | P2: Heroin (g) | Q2: Fentanyl (g) | R2: Marijuana (OZ) | S2: Promethazine/ Codeine (OZ) | T2: RX Pills (#)
A3: Colton Lowe | M3: Colton Lowe
A4: Week 1 | M4: Week 1
A5: Week 2 | M5: Week 2
A6: Week 3 | M6: Week 3
A7: Week 4 | M7: Week 4
A8: Week 5 | M8: Week 5
A9: Total | B9: =SUM(B4:B8) | C9: =SUM(C4:C8) | D9: =SUM(D4:D8) | E9: =SUM(E4:E8) | F9: =SUM(F4:F8) | G9: =SUM(G4:G8) | H9: =SUM(H4:H8) | I9: =SUM(I4:I8) | ... L9: =SUM(L4:L8) | M9: Total | N9: =SUM(N4:N8) | O9: =SUM(O4:O8) | P9: =SUM(P4:P8) | Q9: =SUM(Q4:Q8) | R9: =SUM(R4:R8) | S9: =SUM(S4:S8) | T9: =SUM(T4:T8)
A10: Layne Verdine | M10: Layne Verdine
A11: Week 1 | M11: Week 1
A12: Week 2 | M12: Week 2
A13: Week 3 | M13: Week 3
A14: Week 4 | M14: Week 4
A15: Week 5 | M15: Week 5
A16: Total | B16: =SUM(B11:B15) | C16: =SUM(C11:C15) | D16: =SUM(D11:D15) | E16: =SUM(E11:E15) | F16: =SUM(F11:F15) | G16: =SUM(G11:G15) | H16: =SUM(H11:H15) | I16: =SUM(I11:I15) | ... L16: =SUM(L11:L15) | M16: TOTAL | N16: =SUM(N11:N15) | O16: =SUM(O11:O15) | P16: =SUM(P11:P15) | Q16: =SUM(Q11:Q15) | R16: =SUM(S11:S15) | S16: =SUM(S11:S15) | T16: =SUM(T11:T15)
A17: Ryan Golmon | M17: Ryan Golmon
A18: Week 1 | M18: Week 1
A19: Week 2 | M19: Week 2
A20: Week 3 | M20: Week 3
A21: Week 4 | M21: Week 4
A22: Week 5 | M22: Week 5
A23: Total | B23: =SUM(B18:B22) | C23: =SUM(C18:C22) | D23: =SUM(D18:D22) | E23: =SUM(E18:E22) | F23: =SUM(F18:F22) | G23: =SUM(G18:G22) | H23: =SUM(H18:H22) | I23: =SUM(I18:I22) | ... L23: =SUM(L18:L22) | M23: TOTAL | N23: =SUM(N18:N22) | O23: =SUM(O18:O22) | P23: =SUM(P18:P22) | Q23: =SUM(Q18:Q22) | R23: =SUM(R18:R22) | S23: =SUM(S18:S22) | T23: =SUM(T18:T22)
A24: Matthew Flowers | M24: Matthew Flowers
A25: Week 1 | M25: Week 1
A26: Week 2 | M26: Week 2
A27: Week 3 | M27: Week 3
A28: Week 4 | M28: Week 4
A29: Week 5 | M29: Week 5
A30: Total | B30: =SUM(B25:B29) | C30: =SUM(C25:C29) | D30: =SUM(D25:D29) | E30: =SUM(E25:E29) | F30: =SUM(F25:F29) | G30: =SUM(G25:G29) | H30: =SUM(H25:H29) | I30: =SUM(I25:I29) | ... L30: =SUM(L25:L29) | M30: TOTAL | N30: =SUM(N25:N29) | O30: =SUM(O25:O29) | P30: =SUM(P25:P29) | Q30: =SUM(Q25:Q29) | R30: =SUM(R25:R29) | S30: =SUM(S25:S29) | T30: =SUM(T25:T29)
A32: Week 1 | M32: Week 1
A33: Week 2 | M33: Week 2
A34: Week 3 | M34: Week 3
A35: Week 4 | M35: Week 4
A36: Week 5 | M36: Week 5
A37: Total | B37: =SUM(B32:B36) | C37: =SUM(C32:C36) | D37: =SUM(D32:D36) | E37: =SUM(E32:E36) | F37: =SUM(F32:F36) | G37: =SUM(G32:G36) | H37: =SUM(H32:H36) | I37: =SUM(I32:I36) | ... L37: =SUM(L32:L36) | M37: TOTAL | N37: =SUM(N32:N36) | O37: =SUM(O32:O36) | P37: =SUM(P32:P36) | Q37: =SUM(Q32:Q36) | R37: =SUM(R32:R36) | S37: =SUM(S32:S36) | T37: =SUM(T32:T36)
A38: Unit Total | B38: =SUM(B9,B16,B23,B30,B37) | C38: =SUM(C9,C16,C23,C30,C37) | D38: =SUM(D9,D16,D23,D30,D37) | E38: =SUM(E9,E16,E23,E30,E37) | F38: =SUM(F9,F16,F23,F30,F37) | G38: =SUM(G9,G16,G23,G30,G37) | H38: =SUM(H9,H16,H23,H30,H37) | I38: =SUM(I9,I16,I23,I30,I37) | ... L38: =SUM(L9,L16,L23,L30,L37) | M38: UC TOTAL | N38: =SUM(N9,N16,N23,N30,N37) | O38: =SUM(O9,O16,O23,O30,O37) | P38: =SUM(P9,P37,P30,P23,P16) | Q38: =SUM(Q9,Q37,Q30,Q23,Q16) | R38: =SUM(R9,R37,R30,R23,R16) | S38: =SUM(S9,S37,S30,S23,S16) | T38: =SUM(T9,T37,T30,T23,T16)

Sheet April
A1: END OF MONTH ACTIVITY TOTALS April UC Detectives | N1: Drug Seizures
A2: NAME | B2: Hours Worked | C2: Attempted Operations | D2: UC/CI Cases | E2: TNO Cases | F2: SW Cases | G2: Surv. Hours | H2: Patrol/Jail Cases | I2: PC Arrests | J2: Warrant Arrests | K2: Training Hours | L2: Detective/Agency Assist | M2: NAME | N2: Meth (g) | O2: Cocaine (g) | P2: Heroin (g) | Q2: Fentanyl (g) | R2: Marijuana (OZ) | S2: Promethazine/ Codeine (OZ) | T2: RX Pills (#)
A3: Colton Lowe | M3: Colton Lowe
A4: Week 1 | M4: Week 1
A5: Week 2 | M5: Week 2
A6: Week 3 | M6: Week 3
A7: Week 4 | M7: Week 4
A8: Week 5 | M8: Week 5
A9: Total | B9: =SUM(B4:B8) | C9: =SUM(C4:C8) | D9: =SUM(D4:D8) | E9: =SUM(E4:E8) | F9: =SUM(F4:F8) | G9: =SUM(G4:G8) | H9: =SUM(H4:H8) | I9: =SUM(I4:I8) | ... L9: =SUM(L4:L8) | M9: Total | N9: =SUM(N4:N8) | O9: =SUM(O4:O8) | P9: =SUM(P4:P8) | Q9: =SUM(Q4:Q8) | R9: =SUM(R4:R8) | S9: =SUM(S4:S8) | T9: =SUM(T4:T8)
A10: Layne Verdine | M10: Layne Verdine
A11: Week 1 | M11: Week 1
A12: Week 2 | M12: Week 2
A13: Week 3 | M13: Week 3
A14: Week 4 | M14: Week 4
A15: Week 5 | M15: Week 5
A16: Total | B16: =SUM(B11:B15) | C16: =SUM(C11:C15) | D16: =SUM(D11:D15) | E16: =SUM(E11:E15) | F16: =SUM(F11:F15) | G16: =SUM(G11:G15) | H16: =SUM(H11:H15) | I16: =SUM(I11:I15) | ... L16: =SUM(L11:L15) | M16: TOTAL | N16: =SUM(N11:N15) | O16: =SUM(O11:O15) | P16: =SUM(P11:P15) | Q16: =SUM(Q11:Q15) | R16: =SUM(S11:S15) | S16: =SUM(S11:S15) | T16: =SUM(T11:T15)
A17: Ryan Golmon | M17: Ryan Golmon
A18: Week 1 | M18: Week 1
A19: Week 2 | M19: Week 2
A20: Week 3 | M20: Week 3
A21: Week 4 | M21: Week 4
A22: Week 5 | M22: Week 5
A23: Total | B23: =SUM(B18:B22) | C23: =SUM(C18:C22) | D23: =SUM(D18:D22) | E23: =SUM(E18:E22) | F23: =SUM(F18:F22) | G23: =SUM(G18:G22) | H23: =SUM(H18:H22) | I23: =SUM(I18:I22) | ... L23: =SUM(L18:L22) | M23: TOTAL | N23: =SUM(N18:N22) | O23: =SUM(O18:O22) | P23: =SUM(P18:P22) | Q23: =SUM(Q18:Q22) | R23: =SUM(R18:R22) | S23: =SUM(S18:S22) | T23: =SUM(T18:T22)
A24: Matthew Flowers | M24: Matthew Flowers
A25: Week 1 | M25: Week 1
A26: Week 2 | M26: Week 2
A27: Week 3 | M27: Week 3
A28: Week 4 | M28: Week 4
A29: Week 5 | M29: Week 5
A30: Total | B30: =SUM(B25:B29) | C30: =SUM(C25:C29) | D30: =SUM(D25:D29) | E30: =SUM(E25:E29) | F30: =SUM(F25:F29) | G30: =SUM(G25:G29) | H30: =SUM(H25:H29) | I30: =SUM(I25:I29) | ... L30: =SUM(L25:L29) | M30: TOTAL | N30: =SUM(N25:N29) | O30: =SUM(O25:O29) | P30: =SUM(P25:P29) | Q30: =SUM(Q25:Q29) | R30: =SUM(R25:R29) | S30: =SUM(S25:S29) | T30: =SUM(T25:T29)
A32: Week 1 | M32: Week 1
A33: Week 2 | M33: Week 2
A34: Week 3 | M34: Week 3
A35: Week 4 | M35: Week 4
A36: Week 5 | M36: Week 5
A37: Total | B37: =SUM(B32:B36) | C37: =SUM(C32:C36) | D37: =SUM(D32:D36) | E37: =SUM(E32:E36) | F37: =SUM(F32:F36) | G37: =SUM(G32:G36) | H37: =SUM(H32:H36) | I37: =SUM(I32:I36) | ... L37: =SUM(L32:L36) | M37: TOTAL | N37: =SUM(N32:N36) | O37: =SUM(O32:O36) | P37: =SUM(P32:P36) | Q37: =SUM(Q32:Q36) | R37: =SUM(R32:R36) | S37: =SUM(S32:S36) | T37: =SUM(T32:T36)
A38: Unit Total | B38: =SUM(B9,B16,B23,B30,B37) | C38: =SUM(C9,C16,C23,C30,C37) | D38: =SUM(D9,D16,D23,D30,D37) | E38: =SUM(E9,E16,E23,E30,E37) | F38: =SUM(F9,F16,F23,F30,F37) | G38: =SUM(G9,G16,G23,G30,G37) | H38: =SUM(H9,H16,H23,H30,H37) | I38: =SUM(I9,I16,I23,I30,I37) | ... L38: =SUM(L9,L16,L23,L30,L37) | M38: UC TOTAL | N38: =SUM(N9,N16,N23,N30,N37) | O38: =SUM(O9,O16,O23,O30,O37) | P38: =SUM(P9,P37,P30,P23,P16) | Q38: =SUM(Q9,Q37,Q30,Q23,Q16) | R38: =SUM(R9,R37,R30,R23,R16) | S38: =SUM(S9,S37,S30,S23,S16) | T38: =SUM(T9,T37,T30,T23,T16)

Sheet May
A1: END OF MONTH ACTIVITY TOTALS May UC Detectives | N1: Drug Seizures
A2: NAME | B2: Hours Worked | C2: Attempted Operations | D2: UC/CI Cases | E2: TNO Cases | F2: SW Cases | G2: Surv. Hours | H2: Patrol/Jail Cases | I2: PC Arrests | J2: Warrant Arrests | K2: Training Hours | L2: Detective/Agency Assist | M2: NAME | N2: Meth (g) | O2: Cocaine (g) | P2: Heroin (g) | Q2: Fentanyl (g) | R2: Marijuana (OZ) | S2: Promethazine/ Codeine (OZ) | T2: RX Pills (#)
A3: Colton Lowe | M3: Colton Lowe
A4: Week 1 | M4: Week 1
A5: Week 2 | M5: Week 2
A6: Week 3 | M6: Week 3
A7: Week 4 | M7: Week 4
A8: Week 5 | M8: Week 5
A9: Total | B9: =SUM(B4:B8) | C9: =SUM(C4:C8) | D9: =SUM(D4:D8) | E9: =SUM(E4:E8) | F9: =SUM(F4:F8) | G9: =SUM(G4:G8) | H9: =SUM(H4:H8) | I9: =SUM(I4:I8) | ... L9: =SUM(L4:L8) | M9: Total | N9: =SUM(N4:N8) | O9: =SUM(O4:O8) | P9: =SUM(P4:P8) | Q9: =SUM(Q4:Q8) | R9: =SUM(R4:R8) | S9: =SUM(S4:S8) | T9: =SUM(T4:T8)
A10: Layne Verdine | M10: Layne Verdine
A11: Week 1 | M11: Week 1
A12: Week 2 | M12: Week 2
A13: Week 3 | M13: Week 3
A14: Week 4 | M14: Week 4
A15: Week 5 | M15: Week 5
A16: Total | B16: =SUM(B11:B15) | C16: =SUM(C11:C15) | D16: =SUM(D11:D15) | E16: =SUM(E11:E15) | F16: =SUM(F11:F15) | G16: =SUM(G11:G15) | H16: =SUM(H11:H15) | I16: =SUM(I11:I15) | ... L16: =SUM(L11:L15) | M16: TOTAL | N16: =SUM(N11:N15) | O16: =SUM(O11:O15) | P16: =SUM(P11:P15) | Q16: =SUM(Q11:Q15) | R16: =SUM(S11:S15) | S16: =SUM(S11:S15) | T16: =SUM(T11:T15)
A17: Ryan Golmon | M17: Ryan Golmon
A18: Week 1 | M18: Week 1
A19: Week 2 | M19: Week 2
A20: Week 3 | M20: Week 3
A21: Week 4 | M21: Week 4
A22: Week 5 | M22: Week 5
A23: Total | B23: =SUM(B18:B22) | C23: =SUM(C18:C22) | D23: =SUM(D18:D22) | E23: =SUM(E18:E22) | F23: =SUM(F18:F22) | G23: =SUM(G18:G22) | H23: =SUM(H18:H22) | I23: =SUM(I18:I22) | ... L23: =SUM(L18:L22) | M23: TOTAL | N23: =SUM(N18:N22) | O23: =SUM(O18:O22) | P23: =SUM(P18:P22) | Q23: =SUM(Q18:Q22) | R23: =SUM(R18:R22) | S23: =SUM(S18:S22) | T23: =SUM(T18:T22)
A24: Matthew Flowers | M24: Matthew Flowers
A25: Week 1 | M25: Week 1
A26: Week 2 | M26: Week 2
A27: Week 3 | M27: Week 3
A28: Week 4 | M28: Week 4
A29: Week 5 | M29: Week 5
A30: Total | B30: =SUM(B25:B29) | C30: =SUM(C25:C29) | D30: =SUM(D25:D29) | E30: =SUM(E25:E29) | F30: =SUM(F25:F29) | G30: =SUM(G25:G29) | H30: =SUM(H25:H29) | I30: =SUM(I25:I29) | ... L30: =SUM(L25:L29) | M30: TOTAL | N30: =SUM(N25:N29) | O30: =SUM(O25:O29) | P30: =SUM(P25:P29) | Q30: =SUM(Q25:Q29) | R30: =SUM(R25:R29) | S30: =SUM(S25:S29) | T30: =SUM(T25:T29)
A32: Week 1 | M32: Week 1
A33: Week 2 | M33: Week 2
A34: Week 3 | M34: Week 3
A35: Week 4 | M35: Week 4
A36: Week 5 | M36: Week 5
A37: Total | B37: =SUM(B32:B36) | C37: =SUM(C32:C36) | D37: =SUM(D32:D36) | E37: =SUM(E32:E36) | F37: =SUM(F32:F36) | G37: =SUM(G32:G36) | H37: =SUM(H32:H36) | I37: =SUM(I32:I36) | ... L37: =SUM(L32:L36) | M37: TOTAL | N37: =SUM(N32:N36) | O37: =SUM(O32:O36) | P37: =SUM(P32:P36) | Q37: =SUM(Q32:Q36) | R37: =SUM(R32:R36) | S37: =SUM(S32:S36) | T37: =SUM(T32:T36)
A38: Unit Total | B38: =SUM(B9,B16,B23,B30,B37) | C38: =SUM(C9,C16,C23,C30,C37) | D38: =SUM(D9,D16,D23,D30,D37) | E38: =SUM(E9,E16,E23,E30,E37) | F38: =SUM(F9,F16,F23,F30,F37) | G38: =SUM(G9,G16,G23,G30,G37) | H38: =SUM(H9,H16,H23,H30,H37) | I38: =SUM(I9,I16,I23,I30,I37) | ... L38: =SUM(L9,L16,L23,L30,L37) | M38: UC TOTAL | N38: =SUM(N9,N16,N23,N30,N37) | O38: =SUM(O9,O16,O23,O30,O37) | P38: =SUM(P9,P37,P30,P23,P16) | Q38: =SUM(Q9,Q37,Q30,Q23,Q16) | R38: =SUM(R9,R37,R30,R23,R16) | S38: =SUM(S9,S37,S30,S23,S16) | T38: =SUM(T9,T37,T30,T23,T16)

Sheet June
A1: END OF MONTH ACTIVITY TOTALS June UC Detectives | N1: Drug Seizures
A2: NAME | B2: Hours Worked | C2: Attempted Operations | D2: UC/CI Cases | E2: TNO Cases | F2: SW Cases | G2: Surv. Hours | H2: Patrol/Jail Cases | I2: PC Arrests | J2: Warrant Arrests | K2: Training Hours | L2: Detective/Agency Assist | M2: NAME | N2: Meth (g) | O2: Cocaine (g) | P2: Heroin (g) | Q2: Fentanyl (g) | R2: Marijuana (OZ) | S2: Promethazine/ Codeine (OZ) | T2: RX Pills (#)
A3: Colton Lowe | M3: Colton Lowe
A4: Week 1 | M4: Week 1
A5: Week 2 | M5: Week 2
A6: Week 3 | M6: Week 3
A7: Week 4 | M7: Week 4
A8: Week 5 | M8: Week 5
A9: Total | B9: =SUM(B4:B8) | C9: =SUM(C4:C8) | D9: =SUM(D4:D8) | E9: =SUM(E4:E8) | F9: =SUM(F4:F8) | G9: =SUM(G4:G8) | H9: =SUM(H4:H8) | I9: =SUM(I4:I8) | ... L9: =SUM(L4:L8) | M9: Total | N9: =SUM(N4:N8) | O9: =SUM(O4:O8) | P9: =SUM(P4:P8) | Q9: =SUM(Q4:Q8) | R9: =SUM(R4:R8) | S9: =SUM(S4:S8) | T9: =SUM(T4:T8)
A10: Layne Verdine | M10: Layne Verdine
A11: Week 1 | M11: Week 1
A12: Week 2 | M12: Week 2
A13: Week 3 | M13: Week 3
A14: Week 4 | M14: Week 4
A15: Week 5 | M15: Week 5
A16: Total | B16: =SUM(B11:B15) | C16: =SUM(C11:C15) | D16: =SUM(D11:D15) | E16: =SUM(E11:E15) | F16: =SUM(F11:F15) | G16: =SUM(G11:G15) | H16: =SUM(H11:H15) | I16: =SUM(I11:I15) | ... L16: =SUM(L11:L15) | M16: TOTAL | N16: =SUM(N11:N15) | O16: =SUM(O11:O15) | P16: =SUM(P11:P15) | Q16: =SUM(Q11:Q15) | R16: =SUM(S11:S15) | S16: =SUM(S11:S15) | T16: =SUM(T11:T15)
A17: Ryan Golmon | M17: Ryan Golmon
A18: Week 1 | M18: Week 1
A19: Week 2 | M19: Week 2
A20: Week 3 | M20: Week 3
A21: Week 4 | M21: Week 4
A22: Week 5 | M22: Week 5
A23: Total | B23: =SUM(B18:B22) | C23: =SUM(C18:C22) | D23: =SUM(D18:D22) | E23: =SUM(E18:E22) | F23: =SUM(F18:F22) | G23: =SUM(G18:G22) | H23: =SUM(H18:H22) | I23: =SUM(I18:I22) | ... L23: =SUM(L18:L22) | M23: TOTAL | N23: =SUM(N18:N22) | O23: =SUM(O18:O22) | P23: =SUM(P18:P22) | Q23: =SUM(Q18:Q22) | R23: =SUM(R18:R22) | S23: =SUM(S18:S22) | T23: =SUM(T18:T22)
A24: Matthew Flowers | M24: Matthew Flowers
A25: Week 1 | M25: Week 1
A26: Week 2 | M26: Week 2
A27: Week 3 | M27: Week 3
A28: Week 4 | M28: Week 4
A29: Week 5 | M29: Week 5
A30: Total | B30: =SUM(B25:B29) | C30: =SUM(C25:C29) | D30: =SUM(D25:D29) | E30: =SUM(E25:E29) | F30: =SUM(F25:F29) | G30: =SUM(G25:G29) | H30: =SUM(H25:H29) | I30: =SUM(I25:I29) | ... L30: =SUM(L25:L29) | M30: TOTAL | N30: =SUM(N25:N29) | O30: =SUM(O25:O29) | P30: =SUM(P25:P29) | Q30: =SUM(Q25:Q29) | R30: =SUM(R25:R29) | S30: =SUM(S25:S29) | T30: =SUM(T25:T29)
A32: Week 1 | M32: Week 1
A33: Week 2 | M33: Week 2
A34: Week 3 | M34: Week 3
A35: Week 4 | M35: Week 4
A36: Week 5 | M36: Week 5
A37: Total | B37: =SUM(B32:B36) | C37: =SUM(C32:C36) | D37: =SUM(D32:D36) | E37: =SUM(E32:E36) | F37: =SUM(F32:F36) | G37: =SUM(G32:G36) | H37: =SUM(H32:H36) | I37: =SUM(I32:I36) | ... L37: =SUM(L32:L36) | M37: TOTAL | N37: =SUM(N32:N36) | O37: =SUM(O32:O36) | P37: =SUM(P32:P36) | Q37: =SUM(Q32:Q36) | R37: =SUM(R32:R36) | S37: =SUM(S32:S36) | T37: =SUM(T32:T36)
A38: Unit Total | B38: =SUM(B9,B16,B23,B30,B37) | C38: =SUM(C9,C16,C23,C30,C37) | D38: =SUM(D9,D16,D23,D30,D37) | E38: =SUM(E9,E16,E23,E30,E37) | F38: =SUM(F9,F16,F23,F30,F37) | G38: =SUM(G9,G16,G23,G30,G37) | H38: =SUM(H9,H16,H23,H30,H37) | I38: =SUM(I9,I16,I23,I30,I37) | ... L38: =SUM(L9,L16,L23,L30,L37) | M38: UC TOTAL | N38: =SUM(N9,N16,N23,N30,N37) | O38: =SUM(O9,O16,O23,O30,O37) | P38: =SUM(P9,P37,P30,P23,P16) | Q38: =SUM(Q9,Q37,Q30,Q23,Q16) | R38: =SUM(R9,R37,R30,R23,R16) | S38: =SUM(S9,S37,S30,S23,S16) | T38: =SUM(T9,T37,T30,T23,T16)

Sheet July
A1: END OF MONTH ACTIVITY TOTALS July UC Detectives | N1: Drug Seizures
A2: NAME | B2: Hours Worked | C2: Attempted Operations | D2: UC/CI Cases | E2: TNO Cases | F2: SW Cases | G2: Surv. Hours | H2: Patrol/Jail Cases | I2: PC Arrests | J2: Warrant Arrests | K2: Training Hours | L2: Detective/Agency Assist | M2: NAME | N2: Meth (g) | O2: Cocaine (g) | P2: Heroin (g) | Q2: Fentanyl (g) | R2: Marijuana (OZ) | S2: Promethazine/ Codeine (OZ) | T2: RX Pills (#)
A3: Colton Lowe | M3: Colton Lowe
A4: Week 1 | M4: Week 1
A5: Week 2 | M5: Week 2
A6: Week 3 | M6: Week 3
A7: Week 4 | M7: Week 4
A8: Week 5 | M8: Week 5
A9: Total | B9: =SUM(B4:B8) | C9: =SUM(C4:C8) | D9: =SUM(D4:D8) | E9: =SUM(E4:E8) | F9: =SUM(F4:F8) | G9: =SUM(G4:G8) | H9: =SUM(H4:H8) | I9: =SUM(I4:I8) | ... L9: =SUM(L4:L8) | M9: Total | N9: =SUM(N4:N8) | O9: =SUM(O4:O8) | P9: =SUM(P4:P8) | Q9: =SUM(Q4:Q8) | R9: =SUM(R4:R8) | S9: =SUM(S4:S8) | T9: =SUM(T4:T8)
A10: Layne Verdine | M10: Layne Verdine
A11: Week 1 | M11: Week 1
A12: Week 2 | M12: Week 2
A13: Week 3 | M13: Week 3
A14: Week 4 | M14: Week 4
A15: Week 5 | M15: Week 5
A16: Total | B16: =SUM(B11:B15) | C16: =SUM(C11:C15) | D16: =SUM(D11:D15) | E16: =SUM(E11:E15) | F16: =SUM(F11:F15) | G16: =SUM(G11:G15) | H16: =SUM(H11:H15) | I16: =SUM(I11:I15) | ... L16: =SUM(L11:L15) | M16: TOTAL | N16: =SUM(N11:N15) | O16: =SUM(O11:O15) | P16: =SUM(P11:P15) | Q16: =SUM(Q11:Q15) | R16: =SUM(S11:S15) | S16: =SUM(S11:S15) | T16: =SUM(T11:T15)
A17: Ryan Golmon | M17: Ryan Golmon
A18: Week 1 | M18: Week 1
A19: Week 2 | M19: Week 2
A20: Week 3 | M20: Week 3
A21: Week 4 | M21: Week 4
A22: Week 5 | M22: Week 5
A23: Total | B23: =SUM(B18:B22) | C23: =SUM(C18:C22) | D23: =SUM(D18:D22) | E23: =SUM(E18:E22) | F23: =SUM(F18:F22) | G23: =SUM(G18:G22) | H23: =SUM(H18:H22) | I23: =SUM(I18:I22) | ... L23: =SUM(L18:L22) | M23: TOTAL | N23: =SUM(N18:N22) | O23: =SUM(O18:O22) | P23: =SUM(P18:P22) | Q23: =SUM(Q18:Q22) | R23: =SUM(R18:R22) | S23: =SUM(S18:S22) | T23: =SUM(T18:T22)
A24: Matthew Flowers | M24: Matthew Flowers
A25: Week 1 | M25: Week 1
A26: Week 2 | M26: Week 2
A27: Week 3 | M27: Week 3
A28: Week 4 | M28: Week 4
A29: Week 5 | M29: Week 5
A30: Total | B30: =SUM(B25:B29) | C30: =SUM(C25:C29) | D30: =SUM(D25:D29) | E30: =SUM(E25:E29) | F30: =SUM(F25:F29) | G30: =SUM(G25:G29) | H30: =SUM(H25:H29) | I30: =SUM(I25:I29) | ... L30: =SUM(L25:L29) | M30: TOTAL | N30: =SUM(N25:N29) | O30: =SUM(O25:O29) | P30: =SUM(P25:P29) | Q30: =SUM(Q25:Q29) | R30: =SUM(R25:R29) | S30: =SUM(S25:S29) | T30: =SUM(T25:T29)
A32: Week 1 | M32: Week 1
A33: Week 2 | M33: Week 2
A34: Week 3 | M34: Week 3
A35: Week 4 | M35: Week 4
A36: Week 5 | M36: Week 5
A37: Total | B37: =SUM(B32:B36) | C37: =SUM(C32:C36) | D37: =SUM(D32:D36) | E37: =SUM(E32:E36) | F37: =SUM(F32:F36) | G37: =SUM(G32:G36) | H37: =SUM(H32:H36) | I37: =SUM(I32:I36) | ... L37: =SUM(L32:L36) | M37: TOTAL | N37: =SUM(N32:N36) | O37: =SUM(O32:O36) | P37: =SUM(P32:P36) | Q37: =SUM(Q32:Q36) | R37: =SUM(R32:R36) | S37: =SUM(S32:S36) | T37: =SUM(T32:T36)
A38: Unit Total | B38: =SUM(B9,B16,B23,B30,B37) | C38: =SUM(C9,C16,C23,C30,C37) | D38: =SUM(D9,D16,D23,D30,D37) | E38: =SUM(E9,E16,E23,E30,E37) | F38: =SUM(F9,F16,F23,F30,F37) | G38: =SUM(G9,G16,G23,G30,G37) | H38: =SUM(H9,H16,H23,H30,H37) | I38: =SUM(I9,I16,I23,I30,I37) | ... L38: =SUM(L9,L16,L23,L30,L37) | M38: UC TOTAL | N38: =SUM(N9,N16,N23,N30,N37) | O38: =SUM(O9,O16,O23,O30,O37) | P38: =SUM(P9,P37,P30,P23,P16) | Q38: =SUM(Q9,Q37,Q30,Q23,Q16) | R38: =SUM(R9,R37,R30,R23,R16) | S38: =SUM(S9,S37,S30,S23,S16) | T38: =SUM(T9,T37,T30,T23,T16)

Sheet Aug
A1: END OF MONTH ACTIVITY TOTALS August UC Detectives | N1: Drug Seizures
A2: NAME | B2: Hours Worked | C2: Attempted Operations | D2: UC/CI Cases | E2: TNO Cases | F2: SW Cases | G2: Surv. Hours | H2: Patrol/Jail Cases | I2: PC Arrests | J2: Warrant Arrests | K2: Training Hours | L2: Detective/Agency Assist | M2: NAME | N2: Meth (g) | O2: Cocaine (g) | P2: Heroin (g) | Q2: Fentanyl (g) | R2: Marijuana (OZ) | S2: Promethazine/ Codeine (OZ) | T2: RX Pills (#)
A3: Colton Lowe | M3: Colton Lowe
A4: Week 1 | M4: Week 1
A5: Week 2 | M5: Week 2
A6: Week 3 | M6: Week 3
A7: Week 4 | M7: Week 4
A8: Week 5 | M8: Week 5
A9: Total | B9: =SUM(B4:B8) | C9: =SUM(C4:C8) | D9: =SUM(D4:D8) | E9: =SUM(E4:E8) | F9: =SUM(F4:F8) | G9: =SUM(G4:G8) | H9: =SUM(H4:H8) | I9: =SUM(I4:I8) | ... L9: =SUM(L4:L8) | M9: Total | N9: =SUM(N4:N8) | O9: =SUM(O4:O8) | P9: =SUM(P4:P8) | Q9: =SUM(Q4:Q8) | R9: =SUM(R4:R8) | S9: =SUM(S4:S8) | T9: =SUM(T4:T8)
A10: Layne Verdine | M10: Layne Verdine
A11: Week 1 | M11: Week 1
A12: Week 2 | M12: Week 2
A13: Week 3 | M13: Week 3
A14: Week 4 | M14: Week 4
A15: Week 5 | M15: Week 5
A16: Total | B16: =SUM(B11:B15) | C16: =SUM(C11:C15) | D16: =SUM(D11:D15) | E16: =SUM(E11:E15) | F16: =SUM(F11:F15) | G16: =SUM(G11:G15) | H16: =SUM(H11:H15) | I16: =SUM(I11:I15) | ... L16: =SUM(L11:L15) | M16: TOTAL | N16: =SUM(N11:N15) | O16: =SUM(O11:O15) | P16: =SUM(P11:P15) | Q16: =SUM(Q11:Q15) | R16: =SUM(S11:S15) | S16: =SUM(S11:S15) | T16: =SUM(T11:T15)
A17: Ryan Golmon | M17: Ryan Golmon
A18: Week 1 | M18: Week 1
A19: Week 2 | M19: Week 2
A20: Week 3 | M20: Week 3
A21: Week 4 | M21: Week 4
A22: Week 5 | M22: Week 5
A23: Total | B23: =SUM(B18:B22) | C23: =SUM(C18:C22) | D23: =SUM(D18:D22) | E23: =SUM(E18:E22) | F23: =SUM(F18:F22) | G23: =SUM(G18:G22) | H23: =SUM(H18:H22) | I23: =SUM(I18:I22) | ... L23: =SUM(L18:L22) | M23: TOTAL | N23: =SUM(N18:N22) | O23: =SUM(O18:O22) | P23: =SUM(P18:P22) | Q23: =SUM(Q18:Q22) | R23: =SUM(R18:R22) | S23: =SUM(S18:S22) | T23: =SUM(T18:T22)
A24: Matthew Flowers | M24: Matthew Flowers
A25: Week 1 | M25: Week 1
A26: Week 2 | M26: Week 2
A27: Week 3 | M27: Week 3
A28: Week 4 | M28: Week 4
A29: Week 5 | M29: Week 5
A30: Total | B30: =SUM(B25:B29) | C30: =SUM(C25:C29) | D30: =SUM(D25:D29) | E30: =SUM(E25:E29) | F30: =SUM(F25:F29) | G30: =SUM(G25:G29) | H30: =SUM(H25:H29) | I30: =SUM(I25:I29) | ... L30: =SUM(L25:L29) | M30: TOTAL | N30: =SUM(N25:N29) | O30: =SUM(O25:O29) | P30: =SUM(P25:P29) | Q30: =SUM(Q25:Q29) | R30: =SUM(R25:R29) | S30: =SUM(S25:S29) | T30: =SUM(T25:T29)
A32: Week 1 | M32: Week 1
A33: Week 2 | M33: Week 2
A34: Week 3 | M34: Week 3
A35: Week 4 | M35: Week 4
A36: Week 5 | M36: Week 5
A37: Total | B37: =SUM(B32:B36) | C37: =SUM(C32:C36) | D37: =SUM(D32:D36) | E37: =SUM(E32:E36) | F37: =SUM(F32:F36) | G37: =SUM(G32:G36) | H37: =SUM(H32:H36) | I37: =SUM(I32:I36) | ... L37: =SUM(L32:L36) | M37: TOTAL | N37: =SUM(N32:N36) | O37: =SUM(O32:O36) | P37: =SUM(P32:P36) | Q37: =SUM(Q32:Q36) | R37: =SUM(R32:R36) | S37: =SUM(S32:S36) | T37: =SUM(T32:T36)
A38: Unit Total | B38: =SUM(B9,B16,B23,B30,B37) | C38: =SUM(C9,C16,C23,C30,C37) | D38: =SUM(D9,D16,D23,D30,D37) | E38: =SUM(E9,E16,E23,E30,E37) | F38: =SUM(F9,F16,F23,F30,F37) | G38: =SUM(G9,G16,G23,G30,G37) | H38: =SUM(H9,H16,H23,H30,H37) | I38: =SUM(I9,I16,I23,I30,I37) | ... L38: =SUM(L9,L16,L23,L30,L37) | M38: UC TOTAL | N38: =SUM(N9,N16,N23,N30,N37) | O38: =SUM(O9,O16,O23,O30,O37) | P38: =SUM(P9,P37,P30,P23,P16) | Q38: =SUM(Q9,Q37,Q30,Q23,Q16) | R38: =SUM(R9,R37,R30,R23,R16) | S38: =SUM(S9,S37,S30,S23,S16) | T38: =SUM(T9,T37,T30,T23,T16)

Sheet Sept
A1: END OF MONTH ACTIVITY TOTALS September UC Detectives | N1: Drug Seizures
A2: NAME | B2: Hours Worked | C2: Attempted Operations | D2: UC/CI Cases | E2: TNO Cases | F2: SW Cases | G2: Surv. Hours | H2: Patrol/Jail Cases | I2: PC Arrests | J2: Warrant Arrests | K2: Training Hours | L2: Detective/Agency Assist | M2: NAME | N2: Meth (g) | O2: Cocaine (g) | P2: Heroin (g) | Q2: Fentanyl (g) | R2: Marijuana (OZ) | S2: Promethazine/ Codeine (OZ) | T2: RX Pills (#)
A3: Colton Lowe | M3: Colton Lowe
A4: Week 1 | M4: Week 1
A5: Week 2 | M5: Week 2
A6: Week 3 | M6: Week 3
A7: Week 4 | M7: Week 4
A8: Week 5 | M8: Week 5
A9: Total | B9: =SUM(B4:B8) | C9: =SUM(C4:C8) | D9: =SUM(D4:D8) | E9: =SUM(E4:E8) | F9: =SUM(F4:F8) | G9: =SUM(G4:G8) | H9: =SUM(H4:H8) | I9: =SUM(I4:I8) | ... L9: =SUM(L4:L8) | M9: Total | N9: =SUM(N4:N8) | O9: =SUM(O4:O8) | P9: =SUM(P4:P8) | Q9: =SUM(Q4:Q8) | R9: =SUM(R4:R8) | S9: =SUM(S4:S8) | T9: =SUM(T4:T8)
A10: Layne Verdine | M10: Layne Verdine
A11: Week 1 | M11: Week 1
A12: Week 2 | M12: Week 2
A13: Week 3 | M13: Week 3
A14: Week 4 | M14: Week 4
A15: Week 5 | M15: Week 5
A16: Total | B16: =SUM(B11:B15) | C16: =SUM(C11:C15) | D16: =SUM(D11:D15) | E16: =SUM(E11:E15) | F16: =SUM(F11:F15) | G16: =SUM(G11:G15) | H16: =SUM(H11:H15) | I16: =SUM(I11:I15) | ... L16: =SUM(L11:L15) | M16: TOTAL | N16: =SUM(N11:N15) | O16: =SUM(O11:O15) | P16: =SUM(P11:P15) | Q16: =SUM(Q11:Q15) | R16: =SUM(S11:S15) | S16: =SUM(S11:S15) | T16: =SUM(T11:T15)
A17: Ryan Golmon | M17: Ryan Golmon
A18: Week 1 | M18: Week 1
A19: Week 2 | M19: Week 2
A20: Week 3 | M20: Week 3
A21: Week 4 | M21: Week 4
A22: Week 5 | M22: Week 5
A23: Total | B23: =SUM(B18:B22) | C23: =SUM(C18:C22) | D23: =SUM(D18:D22) | E23: =SUM(E18:E22) | F23: =SUM(F18:F22) | G23: =SUM(G18:G22) | H23: =SUM(H18:H22) | I23: =SUM(I18:I22) | ... L23: =SUM(L18:L22) | M23: TOTAL | N23: =SUM(N18:N22) | O23: =SUM(O18:O22) | P23: =SUM(P18:P22) | Q23: =SUM(Q18:Q22) | R23: =SUM(R18:R22) | S23: =SUM(S18:S22) | T23: =SUM(T18:T22)
A24: Matthew Flowers | M24: Matthew Flowers
A25: Week 1 | M25: Week 1
A26: Week 2 | M26: Week 2
A27: Week 3 | M27: Week 3
A28: Week 4 | M28: Week 4
A29: Week 5 | M29: Week 5
A30: Total | B30: =SUM(B25:B29) | C30: =SUM(C25:C29) | D30: =SUM(D25:D29) | E30: =SUM(E25:E29) | F30: =SUM(F25:F29) | G30: =SUM(G25:G29) | H30: =SUM(H25:H29) | I30: =SUM(I25:I29) | ... L30: =SUM(L25:L29) | M30: TOTAL | N30: =SUM(N25:N29) | O30: =SUM(O25:O29) | P30: =SUM(P25:P29) | Q30: =SUM(Q25:Q29) | R30: =SUM(R25:R29) | S30: =SUM(S25:S29) | T30: =SUM(T25:T29)
A32: Week 1 | M32: Week 1
A33: Week 2 | M33: Week 2
A34: Week 3 | M34: Week 3
A35: Week 4 | M35: Week 4
A36: Week 5 | M36: Week 5
A37: Total | B37: =SUM(B32:B36) | C37: =SUM(C32:C36) | D37: =SUM(D32:D36) | E37: =SUM(E32:E36) | F37: =SUM(F32:F36) | G37: =SUM(G32:G36) | H37: =SUM(H32:H36) | I37: =SUM(I32:I36) | ... L37: =SUM(L32:L36) | M37: TOTAL | N37: =SUM(N32:N36) | O37: =SUM(O32:O36) | P37: =SUM(P32:P36) | Q37: =SUM(Q32:Q36) | R37: =SUM(R32:R36) | S37: =SUM(S32:S36) | T37: =SUM(T32:T36)
A38: Unit Total | B38: =SUM(B9,B16,B23,B30,B37) | C38: =SUM(C9,C16,C23,C30,C37) | D38: =SUM(D9,D16,D23,D30,D37) | E38: =SUM(E9,E16,E23,E30,E37) | F38: =SUM(F9,F16,F23,F30,F37) | G38: =SUM(G9,G16,G23,G30,G37) | H38: =SUM(H9,H16,H23,H30,H37) | I38: =SUM(I9,I16,I23,I30,I37) | ... L38: =SUM(L9,L16,L23,L30,L37) | M38: UC TOTAL | N38: =SUM(N9,N16,N23,N30,N37) | O38: =SUM(O9,O16,O23,O30,O37) | P38: =SUM(P9,P37,P30,P23,P16) | Q38: =SUM(Q9,Q37,Q30,Q23,Q16) | R38: =SUM(R9,R37,R30,R23,R16) | S38: =SUM(S9,S37,S30,S23,S16) | T38: =SUM(T9,T37,T30,T23,T16)

Sheet Oct
A1: END OF MONTH ACTIVITY TOTALS October UC Detectives | N1: Drug Seizures
A2: NAME | B2: Hours Worked | C2: Attempted Operations | D2: UC/CI Cases | E2: TNO Cases | F2: SW Cases | G2: Surv. Hours | H2: Patrol/Jail Cases | I2: PC Arrests | J2: Warrant Arrests | K2: Training Hours | L2: Detective/Agency Assist | M2: NAME | N2: Meth (g) | O2: Cocaine (g) | P2: Heroin (g) | Q2: Fentanyl (g) | R2: Marijuana (OZ) | S2: Promethazine/ Codeine (OZ) | T2: RX Pills (#)
A3: Colton Lowe | M3: Colton Lowe
A4: Week 1 | M4: Week 1
A5: Week 2 | M5: Week 2
A6: Week 3 | M6: Week 3
A7: Week 4 | M7: Week 4
A8: Week 5 | M8: Week 5
A9: Total | B9: =SUM(B4:B8) | C9: =SUM(C4:C8) | D9: =SUM(D4:D8) | E9: =SUM(E4:E8) | F9: =SUM(F4:F8) | G9: =SUM(G4:G8) | H9: =SUM(H4:H8) | I9: =SUM(I4:I8) | ... L9: =SUM(L4:L8) | M9: Total | N9: =SUM(N4:N8) | O9: =SUM(O4:O8) | P9: =SUM(P4:P8) | Q9: =SUM(Q4:Q8) | R9: =SUM(R4:R8) | S9: =SUM(S4:S8) | T9: =SUM(T4:T8)
A10: Layne Verdine | M10: Layne Verdine
A11: Week 1 | M11: Week 1
A12: Week 2 | M12: Week 2
A13: Week 3 | M13: Week 3
A14: Week 4 | M14: Week 4
A15: Week 5 | M15: Week 5
A16: Total | B16: =SUM(B11:B15) | C16: =SUM(C11:C15) | D16: =SUM(D11:D15) | E16: =SUM(E11:E15) | F16: =SUM(F11:F15) | G16: =SUM(G11:G15) | H16: =SUM(H11:H15) | I16: =SUM(I11:I15) | ... L16: =SUM(L11:L15) | M16: TOTAL | N16: =SUM(N11:N15) | O16: =SUM(O11:O15) | P16: =SUM(P11:P15) | Q16: =SUM(Q11:Q15) | R16: =SUM(S11:S15) | S16: =SUM(S11:S15) | T16: =SUM(T11:T15)
A17: Ryan Golmon | M17: Ryan Golmon
A18: Week 1 | M18: Week 1
A19: Week 2 | M19: Week 2
A20: Week 3 | M20: Week 3
A21: Week 4 | M21: Week 4
A22: Week 5 | M22: Week 5
A23: Total | B23: =SUM(B18:B22) | C23: =SUM(C18:C22) | D23: =SUM(D18:D22) | E23: =SUM(E18:E22) | F23: =SUM(F18:F22) | G23: =SUM(G18:G22) | H23: =SUM(H18:H22) | I23: =SUM(I18:I22) | ... L23: =SUM(L18:L22) | M23: TOTAL | N23: =SUM(N18:N22) | O23: =SUM(O18:O22) | P23: =SUM(P18:P22) | Q23: =SUM(Q18:Q22) | R23: =SUM(R18:R22) | S23: =SUM(S18:S22) | T23: =SUM(T18:T22)
A24: Matthew Flowers | M24: Matthew Flowers
A25: Week 1 | M25: Week 1
A26: Week 2 | M26: Week 2
A27: Week 3 | M27: Week 3
A28: Week 4 | M28: Week 4
A29: Week 5 | M29: Week 5
A30: Total | B30: =SUM(B25:B29) | C30: =SUM(C25:C29) | D30: =SUM(D25:D29) | E30: =SUM(E25:E29) | F30: =SUM(F25:F29) | G30: =SUM(G25:G29) | H30: =SUM(H25:H29) | I30: =SUM(I25:I29) | ... L30: =SUM(L25:L29) | M30: TOTAL | N30: =SUM(N25:N29) | O30: =SUM(O25:O29) | P30: =SUM(P25:P29) | Q30: =SUM(Q25:Q29) | R30: =SUM(R25:R29) | S30: =SUM(S25:S29) | T30: =SUM(T25:T29)
A32: Week 1 | M32: Week 1
A33: Week 2 | M33: Week 2
A34: Week 3 | M34: Week 3
A35: Week 4 | M35: Week 4
A36: Week 5 | M36: Week 5
A37: Total | B37: =SUM(B32:B36) | C37: =SUM(C32:C36) | D37: =SUM(D32:D36) | E37: =SUM(E32:E36) | F37: =SUM(F32:F36) | G37: =SUM(G32:G36) | H37: =SUM(H32:H36) | I37: =SUM(I32:I36) | ... L37: =SUM(L32:L36) | M37: TOTAL | N37: =SUM(N32:N36) | O37: =SUM(O32:O36) | P37: =SUM(P32:P36) | Q37: =SUM(Q32:Q36) | R37: =SUM(R32:R36) | S37: =SUM(S32:S36) | T37: =SUM(T32:T36)
A38: Unit Total | B38: =SUM(B9,B16,B23,B30,B37) | C38: =SUM(C9,C16,C23,C30,C37) | D38: =SUM(D9,D16,D23,D30,D37) | E38: =SUM(E9,E16,E23,E30,E37) | F38: =SUM(F9,F16,F23,F30,F37) | G38: =SUM(G9,G16,G23,G30,G37) | H38: =SUM(H9,H16,H23,H30,H37) | I38: =SUM(I9,I16,I23,I30,I37) | ... L38: =SUM(L9,L16,L23,L30,L37) | M38: UC TOTAL | N38: =SUM(N9,N16,N23,N30,N37) | O38: =SUM(O9,O16,O23,O30,O37) | P38: =SUM(P9,P37,P30,P23,P16) | Q38: =SUM(Q9,Q37,Q30,Q23,Q16) | R38: =SUM(R9,R37,R30,R23,R16) | S38: =SUM(S9,S37,S30,S23,S16) | T38: =SUM(T9,T37,T30,T23,T16)

Sheet Nov
A1: END OF MONTH ACTIVITY TOTALS November UC Detectives | N1: Drug Seizures
A2: NAME | B2: Hours Worked | C2: Attempted Operations | D2: UC/CI Cases | E2: TNO Cases | F2: SW Cases | G2: Surv. Hours | H2: Patrol/Jail Cases | I2: PC Arrests | J2: Warrant Arrests | K2: Training Hours | L2: Detective/Agency Assist | M2: NAME | N2: Meth (g) | O2: Cocaine (g) | P2: Heroin (g) | Q2: Fentanyl (g) | R2: Marijuana (OZ) | S2: Promethazine/ Codeine (OZ) | T2: RX Pills (#)
A3: Colton Lowe | M3: Colton Lowe
A4: Week 1 | M4: Week 1
A5: Week 2 | M5: Week 2
A6: Week 3 | M6: Week 3
A7: Week 4 | M7: Week 4
A8: Week 5 | M8: Week 5
A9: Total | B9: =SUM(B4:B8) | C9: =SUM(C4:C8) | D9: =SUM(D4:D8) | E9: =SUM(E4:E8) | F9: =SUM(F4:F8) | G9: =SUM(G4:G8) | H9: =SUM(H4:H8) | I9: =SUM(I4:I8) | ... L9: =SUM(L4:L8) | M9: Total | N9: =SUM(N4:N8) | O9: =SUM(O4:O8) | P9: =SUM(P4:P8) | Q9: =SUM(Q4:Q8) | R9: =SUM(R4:R8) | S9: =SUM(S4:S8) | T9: =SUM(T4:T8)
A10: Layne Verdine | M10: Layne Verdine
A11: Week 1 | M11: Week 1
A12: Week 2 | M12: Week 2
A13: Week 3 | M13: Week 3
A14: Week 4 | M14: Week 4
A15: Week 5 | M15: Week 5
A16: Total | B16: =SUM(B11:B15) | C16: =SUM(C11:C15) | D16: =SUM(D11:D15) | E16: =SUM(E11:E15) | F16: =SUM(F11:F15) | G16: =SUM(G11:G15) | H16: =SUM(H11:H15) | I16: =SUM(I11:I15) | ... L16: =SUM(L11:L15) | M16: TOTAL | N16: =SUM(N11:N15) | O16: =SUM(O11:O15) | P16: =SUM(P11:P15) | Q16: =SUM(Q11:Q15) | R16: =SUM(S11:S15) | S16: =SUM(S11:S15) | T16: =SUM(T11:T15)
A17: Ryan Golmon | M17: Ryan Golmon
A18: Week 1 | M18: Week 1
A19: Week 2 | M19: Week 2
A20: Week 3 | M20: Week 3
A21: Week 4 | M21: Week 4
A22: Week 5 | M22: Week 5
A23: Total | B23: =SUM(B18:B22) | C23: =SUM(C18:C22) | D23: =SUM(D18:D22) | E23: =SUM(E18:E22) | F23: =SUM(F18:F22) | G23: =SUM(G18:G22) | H23: =SUM(H18:H22) | I23: =SUM(I18:I22) | ... L23: =SUM(L18:L22) | M23: TOTAL | N23: =SUM(N18:N22) | O23: =SUM(O18:O22) | P23: =SUM(P18:P22) | Q23: =SUM(Q18:Q22) | R23: =SUM(R18:R22) | S23: =SUM(S18:S22) | T23: =SUM(T18:T22)
A24: Matthew Flowers | M24: Matthew Flowers
A25: Week 1 | M25: Week 1
A26: Week 2 | M26: Week 2
A27: Week 3 | M27: Week 3
A28: Week 4 | M28: Week 4
A29: Week 5 | M29: Week 5
A30: Total | B30: =SUM(B25:B29) | C30: =SUM(C25:C29) | D30: =SUM(D25:D29) | E30: =SUM(E25:E29) | F30: =SUM(F25:F29) | G30: =SUM(G25:G29) | H30: =SUM(H25:H29) | I30: =SUM(I25:I29) | ... L30: =SUM(L25:L29) | M30: TOTAL | N30: =SUM(N25:N29) | O30: =SUM(O25:O29) | P30: =SUM(P25:P29) | Q30: =SUM(Q25:Q29) | R30: =SUM(R25:R29) | S30: =SUM(S25:S29) | T30: =SUM(T25:T29)
A32: Week 1 | M32: Week 1
A33: Week 2 | M33: Week 2
A34: Week 3 | M34: Week 3
A35: Week 4 | M35: Week 4
A36: Week 5 | M36: Week 5
A37: Total | B37: =SUM(B32:B36) | C37: =SUM(C32:C36) | D37: =SUM(D32:D36) | E37: =SUM(E32:E36) | F37: =SUM(F32:F36) | G37: =SUM(G32:G36) | H37: =SUM(H32:H36) | I37: =SUM(I32:I36) | ... L37: =SUM(L32:L36) | M37: TOTAL | N37: =SUM(N32:N36) | O37: =SUM(O32:O36) | P37: =SUM(P32:P36) | Q37: =SUM(Q32:Q36) | R37: =SUM(R32:R36) | S37: =SUM(S32:S36) | T37: =SUM(T32:T36)
A38: Unit Total | B38: =SUM(B9,B16,B23,B30,B37) | C38: =SUM(C9,C16,C23,C30,C37) | D38: =SUM(D9,D16,D23,D30,D37) | E38: =SUM(E9,E16,E23,E30,E37) | F38: =SUM(F9,F16,F23,F30,F37) | G38: =SUM(G9,G16,G23,G30,G37) | H38: =SUM(H9,H16,H23,H30,H37) | I38: =SUM(I9,I16,I23,I30,I37) | ... L38: =SUM(L9,L16,L23,L30,L37) | M38: UC TOTAL | N38: =SUM(N9,N16,N23,N30,N37) | O38: =SUM(O9,O16,O23,O30,O37) | P38: =SUM(P9,P37,P30,P23,P16) | Q38: =SUM(Q9,Q37,Q30,Q23,Q16) | R38: =SUM(R9,R37,R30,R23,R16) | S38: =SUM(S9,S37,S30,S23,S16) | T38: =SUM(T9,T37,T30,T23,T16)

Sheet Dec
A1: END OF MONTH ACTIVITY TOTALS December UC Detectives | N1: Drug Seizures
A2: NAME | B2: Hours Worked | C2: Attempted Operations | D2: UC/CI Cases | E2: TNO Cases | F2: SW Cases | G2: Surv. Hours | H2: Patrol/Jail Cases | I2: PC Arrests | J2: Warrant Arrests | K2: Training Hours | L2: Detective/Agency Assist | M2: NAME | N2: Meth (g) | O2: Cocaine (g) | P2: Heroin (g) | Q2: Fentanyl (g) | R2: Marijuana (OZ) | S2: Promethazine/ Codeine (OZ) | T2: RX Pills (#)
A3: Colton Lowe | M3: Colton Lowe
A4: Week 1 | M4: Week 1
A5: Week 2 | M5: Week 2
A6: Week 3 | M6: Week 3
A7: Week 4 | M7: Week 4
A8: Week 5 | M8: Week 5
A9: Total | B9: =SUM(B4:B8) | C9: =SUM(C4:C8) | D9: =SUM(D4:D8) | E9: =SUM(E4:E8) | F9: =SUM(F4:F8) | G9: =SUM(G4:G8) | H9: =SUM(H4:H8) | I9: =SUM(I4:I8) | ... L9: =SUM(L4:L8) | M9: Total | N9: =SUM(N4:N8) | O9: =SUM(O4:O8) | P9: =SUM(P4:P8) | Q9: =SUM(Q4:Q8) | R9: =SUM(R4:R8) | S9: =SUM(S4:S8) | T9: =SUM(T4:T8)
A10: Layne Verdine | M10: Layne Verdine
A11: Week 1 | M11: Week 1
A12: Week 2 | M12: Week 2
A13: Week 3 | M13: Week 3
A14: Week 4 | M14: Week 4
A15: Week 5 | M15: Week 5
A16: Total | B16: =SUM(B11:B15) | C16: =SUM(C11:C15) | D16: =SUM(D11:D15) | E16: =SUM(E11:E15) | F16: =SUM(F11:F15) | G16: =SUM(G11:G15) | H16: =SUM(H11:H15) | I16: =SUM(I11:I15) | ... L16: =SUM(L11:L15) | M16: TOTAL | N16: =SUM(N11:N15) | O16: =SUM(O11:O15) | P16: =SUM(P11:P15) | Q16: =SUM(Q11:Q15) | R16: =SUM(S11:S15) | S16: =SUM(S11:S15) | T16: =SUM(T11:T15)
A17: Ryan Golmon | M17: Ryan Golmon
A18: Week 1 | M18: Week 1
A19: Week 2 | M19: Week 2
A20: Week 3 | M20: Week 3
A21: Week 4 | M21: Week 4
A22: Week 5 | M22: Week 5
A23: Total | B23: =SUM(B18:B22) | C23: =SUM(C18:C22) | D23: =SUM(D18:D22) | E23: =SUM(E18:E22) | F23: =SUM(F18:F22) | G23: =SUM(G18:G22) | H23: =SUM(H18:H22) | I23: =SUM(I18:I22) | ... L23: =SUM(L18:L22) | M23: TOTAL | N23: =SUM(N18:N22) | O23: =SUM(O18:O22) | P23: =SUM(P18:P22) | Q23: =SUM(Q18:Q22) | R23: =SUM(R18:R22) | S23: =SUM(S18:S22) | T23: =SUM(T18:T22)
A24: Matthew Flowers | M24: Matthew Flowers
A25: Week 1 | M25: Week 1
A26: Week 2 | M26: Week 2
A27: Week 3 | M27: Week 3
A28: Week 4 | M28: Week 4
A29: Week 5 | M29: Week 5
A30: Total | B30: =SUM(B25:B29) | C30: =SUM(C25:C29) | D30: =SUM(D25:D29) | E30: =SUM(E25:E29) | F30: =SUM(F25:F29) | G30: =SUM(G25:G29) | H30: =SUM(H25:H29) | I30: =SUM(I25:I29) | ... L30: =SUM(L25:L29) | M30: TOTAL | N30: =SUM(N25:N29) | O30: =SUM(O25:O29) | P30: =SUM(P25:P29) | Q30: =SUM(Q25:Q29) | R30: =SUM(R25:R29) | S30: =SUM(S25:S29) | T30: =SUM(T25:T29)
A32: Week 1 | M32: Week 1
A33: Week 2 | M33: Week 2
A34: Week 3 | M34: Week 3
A35: Week 4 | M35: Week 4
A36: Week 5 | M36: Week 5
A37: Total | B37: =SUM(B32:B36) | C37: =SUM(C32:C36) | D37: =SUM(D32:D36) | E37: =SUM(E32:E36) | F37: =SUM(F32:F36) | G37: =SUM(G32:G36) | H37: =SUM(H32:H36) | I37: =SUM(I32:I36) | ... L37: =SUM(L32:L36) | M37: TOTAL | N37: =SUM(N32:N36) | O37: =SUM(O32:O36) | P37: =SUM(P32:P36) | Q37: =SUM(Q32:Q36) | R37: =SUM(R32:R36) | S37: =SUM(S32:S36) | T37: =SUM(T32:T36)
A38: Unit Total | B38: =SUM(B9,B16,B23,B30,B37) | C38: =SUM(C9,C16,C23,C30,C37) | D38: =SUM(D9,D16,D23,D30,D37) | E38: =SUM(E9,E16,E23,E30,E37) | F38: =SUM(F9,F16,F23,F30,F37) | G38: =SUM(G9,G16,G23,G30,G37) | H38: =SUM(H9,H16,H23,H30,H37) | I38: =SUM(I9,I16,I23,I30,I37) | ... L38: =SUM(L9,L16,L23,L30,L37) | M38: UC TOTAL | N38: =SUM(N9,N16,N23,N30,N37) | O38: =SUM(O9,O16,O23,O30,O37) | P38: =SUM(P9,P37,P30,P23,P16) | Q38: =SUM(Q9,Q37,Q30,Q23,Q16) | R38: =SUM(R9,R37,R30,R23,R16) | S38: =SUM(S9,S37,S30,S23,S16) | T38: =SUM(T9,T37,T30,T23,T16)

Sheet Year Total 
A1: End of Year Total for UC Detectives
A2: Month | B2: Jan | C2: Feb | D2: March | E2: April | F2: May | G2: June | H2: July | I2: Aug | J2: Sept. | K2: Oct. | L2: Nov. | M2: Dec. | N2: TOTAL
A3: Attempted Operations | B3: =Jan!$C$38 | C3: =Feb!$C$38 | D3: =March!$D$38 | E3: =April!$D$38 | F3: =May!$D$38 | G3: =June!$D$38 | H3: =July!$D$38 | I3: =Aug!$D$38 | J3: =Sept!$D$38 | K3: =Oct!$D$38 | L3: =Nov!$D$38 | M3: =Dec!$D$38 | N3: =SUM(B3:M3)
A4: UC/CI Cases | B4: =Jan!$D$38 | C4: =Feb!$D$38 | D4: =March!$D$38 | E4: =April!$D$38 | F4: =May!$D$38 | G4: =June!$D$38 | H4: =July!$D$38 | I4: =Aug!$D$38 | J4: =Sept!$D$38 | K4: =Oct!$D$38 | L4: =Nov!$D$38 | M4: =Dec!$D$38 | N4: =SUM(B4:M4)
A5: TNO Cases | B5: =Jan!$E$38 | C5: =Feb!$E$38 | D5: =March!$E$38 | E5: =April!$E$38 | F5: =May!$E$38 | G5: =June!$E$38 | H5: =July!$E$38 | I5: =Aug!$E$38 | J5: =Sept!$E$38 | K5: =Oct!$E$38 | L5: =Nov!$E$38 | M5: =Dec!$E$38 | N5: =SUM(B5:M5)
A6: SW Cases | B6: =Jan!$F$38 | C6: =Feb!$F$38 | D6: =March!$F$38 | E6: =April!$F$38 | F6: =May!$F$38 | G6: =June!$F$38 | H6: =July!$F$38 | I6: =Aug!$F$38 | J6: =Sept!$F$38 | K6: =Oct!$F$38 | L6: =Nov!$F$38 | M6: =Dec!$F$38 | N6: =SUM(B6:M6)
A7: Surv. Hours | B7: =Jan!$G$38 | C7: =Feb!$G$38 | D7: =March!$G$38 | E7: =April!$G$38 | F7: =May!$G$38 | G7: =June!$G$38 | H7: =July!$G$38 | I7: =Aug!$G$38 | J7: =Sept!$G$38 | K7: =Oct!$G$38 | L7: =Nov!$G$38 | M7: =Dec!$G$38 | N7: =SUM(B7:M7)
A8: Patrol/Jail Cases | B8: =Jan!$H$38 | C8: =Feb!$H$38 | D8: =March!$H$38 | E8: =April!$H$38 | F8: =May!$H$38 | G8: =June!$H$38 | H8: =July!$H$38 | I8: =Aug!$H$38 | J8: =Sept!$H$38 | K8: =Oct!$H$38 | L8: =Nov!$H$38 | M8: =Dec!$H$38 | N8: =SUM(B8:M8)
A9: PC Arrests | B9: =Jan!$I$38 | C9: =Feb!$I$38 | D9: =March!$I$38 | E9: =April!$I$38 | F9: =May!$I$38 | G9: =June!$I$38 | H9: =July!$I$38 | I9: =Aug!$I$38 | J9: =Sept!$I$38 | K9: =Oct!$I$38 | L9: =Nov!$I$38 | M9: =Dec!$I$38 | N9: =SUM(B9:M9)
A10: Warrant Arrests | B10: =Jan!$J$38 | C10: =Feb!$J$38 | D10: =March!$J$38 | E10: =April!$J$38 | F10: =May!$J$38 | G10: =June!$J$38 | H10: =July!$J$38 | I10: =Aug!$J$38 | J10: =Sept!$J$38 | K10: =Oct!$J$38 | L10: =Nov!$J$38 | M10: =Dec!$J$38 | N10: =SUM(B10:M10)
A11: Training Hours | B11: =Jan!$K$38 | C11: =Feb!$K$38 | D11: =March!$K$38 | E11: =April!$K$38 | F11: =May!$K$38 | G11: =June!$K$38 | H11: =July!$K$38 | I11: =Aug!$K$38 | J11: =Sept!$K$38 | K11: =Oct!$K$38 | L11: =Nov!$K$38 | M11: =Dec!$K$38 | N11: =SUM(B11:M11)
A12: Det./Agency Assist | B12: =Jan!$L$38 | C12: =Feb!$L$38 | D12: =March!$L$38 | E12: =April!$L$38 | F12: =May!$L$38 | G12: =June!$L$38 | H12: =July!$L$38 | I12: =Aug!$L$38 | J12: =Sept!$L$38 | K12: =Oct!$L$38 | L12: =Nov!$L$38 | M12: =Dec!$L$38 | N12: =SUM(B12:M12)
A15: Drug Seizures
A16: Month | B16: Jan. | C16: Feb. | D16: March | E16: April | F16: May | G16: June | H16: July | I16: Aug. | J16: Sept. | K16: Oct. | L16: Nov. | M16: Dec. | N16: TOTAL
A17: Meth (g) | B17: =Jan!$N$38 | C17: =Feb!$N$38 | D17: =March!$N$38 | E17: =April!$N$38 | F17: =May!$N$38 | G17: =June!$N$38 | H17: =July!$N$38 | I17: =Aug!$N$38 | J17: =Sept!$N$38 | K17: =Oct!$N$38 | L17: =Nov!$N$38 | M17: =Dec!$N$38 | N17: =SUM(B17:M17)
A18: Cocaine (g) | B18: =Jan!$O$38 | C18: =Feb!$O$38 | D18: =March!$O$38 | E18: =April!$O$38 | F18: =May!$O$38 | G18: =June!$O$38 | H18: =July!$O$38 | I18: =Aug!$O$38 | J18: =Sept!$O$38 | K18: =Oct!$O$38 | L18: =Nov!$O$38 | M18: =Dec!$O$38 | N18: =SUM(B18:M18)
A19: Heroin (g) | B19: =Jan!$P$38 | C19: =Feb!$P$38 | D19: =March!$P$38 | E19: =April!$P$38 | F19: =May!$P$38 | G19: =June!$P$38 | H19: =July!$P$38 | I19: =Aug!$P$38 | J19: =Sept!$P$38 | K19: =Oct!$P$38 | L19: =Nov!$P$38 | M19: =Dec!$P$38 | N19: =SUM(B19:M19)
A20: Fentanyl (g) | B20: =Jan!$Q$38 | C20: =Feb!$Q$38 | D20: =March!$Q$38 | E20: =April!$Q$38 | F20: =May!$Q$38 | G20: =June!$Q$38 | H20: =July!$Q$38 | I20: =Aug!$Q$38 | J20: =Sept!$Q$38 | K20: =Oct!$Q$38 | L20: =Nov!$Q$38 | M20: =Dec!$Q$38 | N20: =SUM(B20:M20)
A21: Marijuana (OZ) | B21: =Jan!$R$38 | C21: =Feb!$R$38 | D21: =March!$R$38 | E21: =April!$R$38 | F21: =May!$R$38 | G21: =June!$R$38 | H21: =July!$R$38 | I21: =Aug!$R$38 | J21: =Sept!$R$38 | K21: =Oct!$R$38 | L21: =Nov!$R$38 | M21: =Dec!$R$38 | N21: =SUM(B21:M21)
A22: Promethazine/ Codeine (OZ) | B22: =Jan!$S$38 | C22: =Feb!$S$38 | D22: =March!$S$38 | E22: =April!$S$38 | F22: =May!$S$38 | G22: =June!$S$38 | H22: =July!$S$38 | I22: =Aug!$S$38 | J22: =Sept!$S$38 | K22: =Oct!$S$38 | L22: =Nov!$S$38 | M22: =Dec!$S$38 | N22: =SUM(B22:M22)
A23: RX Pills (#) | B23: =Jan!$T$38 | C23: =Feb!$T$31 | D23: =March!$T$38 | E23: =April!$T$38 | F23: =May!$T$38 | G23: =June!$T$38 | H23: =July!$T$38 | I23: =Aug!$T$38 | J23: =Sept!$T$38 | K23: =Oct!$T$38 | L23: =Nov!$T$38 | M23: =Dec!$T$38 | N23: =SUM(B23:M23)
